features,n_features,degree,n_terms,mean_mse,std_mse,mean_r2,std_r2
['x1'],1,1,1,52.34492256733263,15.192730238602898,-0.004299560445740225,0.01766748281614449
['x1'],1,2,2,48.55781390003887,13.075574579358413,0.0634605444795201,0.049634409966360975
['x1'],1,3,3,48.164463508974464,12.843657645181773,0.06999153389435853,0.05814291479361182
['x1'],1,4,4,47.7262598581974,12.577665447903598,0.07685729783982405,0.06248460295076463
['x1'],1,5,5,47.70387040142505,12.570319353298174,0.07713462116916474,0.06259817361084782
['x1'],1,6,6,47.79522752322293,12.523651481444173,0.07495489513676754,0.061923910226663215
['x1'],1,7,7,47.86292449102069,12.495394198032646,0.07335392752633325,0.06404790332890539
['x1'],1,8,8,47.94404657258007,12.434387356542805,0.07128447740194907,0.06497948362865152
['x1'],1,9,9,47.9073672179626,12.403781166449463,0.07181312474319042,0.06472272701606702
['x1'],1,10,10,47.89448680159858,12.819238141014248,0.07391274600336277,0.06502969882052373
['x1'],1,11,11,48.0793798806898,12.787495555468471,0.06991918701949622,0.06929755045741445
['x1'],1,12,12,48.05844416543858,12.806470387627966,0.07058928314572788,0.06803220377506429
['x1'],1,13,13,47.99765505704384,12.827535351764197,0.07198924623728149,0.06983652290877847
['x1'],1,14,14,48.18391520589717,12.897706330658124,0.06837459135965965,0.072370865573861
['x1'],1,15,15,48.40657780644121,13.037234191773896,0.06427376458206997,0.0735462804065085
['x1'],1,16,16,48.550456300903875,12.809516711362019,0.059571994064449775,0.08941265692549423
['x1'],1,17,17,48.549455794641474,12.806799675273815,0.0595745419083545,0.08973745155860875
['x1'],1,18,18,48.59427517603696,12.814771150988282,0.058619586816772415,0.09137037648999392
['x1'],1,19,19,48.621329052276565,12.782960758797394,0.05804322097774588,0.08964896179836593
['x1'],1,20,20,48.65054388873462,12.799706429670207,0.05751835367637106,0.08989833178669134
['x2'],1,1,1,39.40659373996026,10.159981839953893,0.2362083672714963,0.0408286960155367
['x2'],1,2,2,39.17495772807881,9.980749044221215,0.24090856757101298,0.03611770442281503
['x2'],1,3,3,36.10176388425601,8.680763860509039,0.29785956344508496,0.04249128758396004
['x2'],1,4,4,36.211692313594995,8.684092572675429,0.29571568014463245,0.04188644511682758
['x2'],1,5,5,35.75635518227286,8.64200238597913,0.30502092551651383,0.03551851880903953
['x2'],1,6,6,35.7809827005902,8.586051905427068,0.30414208674728255,0.03706567047180286
['x2'],1,7,7,35.99131710043163,8.799021847096851,0.30076914320602455,0.03545514961136589
['x2'],1,8,8,36.0909813201601,8.888086843341716,0.2991224826554427,0.034730136008578036
['x2'],1,9,9,36.15825139416375,8.926997008261056,0.2979179452939052,0.034457801350617746
['x2'],1,10,10,36.16270411005887,8.883727687201672,0.29755292282395596,0.036052512447994914
['x2'],1,11,11,36.31976852995123,8.946922169318034,0.29470740439012594,0.03457419966316338
['x2'],1,12,12,36.417672608918885,8.878702686839903,0.29210842041643115,0.039017077559748294
['x2'],1,13,13,36.55843771399836,8.823315256817253,0.2889924629847848,0.03879255429261057
['x2'],1,14,14,36.63199967730772,8.830725994212811,0.28744532491426744,0.040487282230683236
['x2'],1,15,15,36.70043875514591,8.75155259773105,0.2855789745768023,0.04196134489357797
['x2'],1,16,16,36.742549735175984,8.74727342716106,0.28464451078169384,0.04276616211112121
['x2'],1,17,17,36.74175030257968,8.754379273384368,0.2847021285236745,0.04242647516140724
['x2'],1,18,18,36.74536841404549,8.737838086508022,0.2845369706242007,0.04273015091064984
['x2'],1,19,19,36.888816665872675,8.930286408815347,0.28257135837681596,0.040238096096646914
['x2'],1,20,20,36.89491289642799,8.922105476050362,0.28240273439714486,0.04035201147635413
['x3'],1,1,1,51.27726646591208,15.459492712164614,0.01867922651922891,0.010650956880136724
['x3'],1,2,2,51.34267668872242,15.564969029316492,0.017720458723315957,0.011620783452040841
['x3'],1,3,3,51.12783517242464,15.206901387139634,0.020128485266460515,0.01113329381999859
['x3'],1,4,4,51.11503861908095,15.101330844116413,0.019805512809539107,0.01238554075672769
['x3'],1,5,5,50.89126520658222,15.193052185761323,0.024862663285016608,0.01492169284932488
['x3'],1,6,6,50.8220241004649,15.211505608855948,0.02628787482619723,0.01531540120231939
['x3'],1,7,7,50.83452576701784,15.20102432581344,0.026068393338937734,0.013952354329556453
['x3'],1,8,8,50.89636744828282,15.245288261928096,0.025049347003397292,0.014010988869960076
['x3'],1,9,9,50.89854582677343,15.187007376687552,0.02459656943592292,0.015531461862148035
['x3'],1,10,10,50.95396054658015,15.279830885021061,0.023892647865571725,0.015885737809693184
['x3'],1,11,11,51.07452480256501,15.294217491917905,0.021514087366115996,0.016627287348474858
['x3'],1,12,12,51.113302162236955,15.341880931512742,0.020921092241216188,0.016832453239330414
['x3'],1,13,13,51.15888739660907,15.32922058501578,0.019899306584696897,0.01747854632534966
['x3'],1,14,14,51.243629091385,15.438811939046731,0.018592953311835126,0.018448922930341834
['x3'],1,15,15,51.33275001733266,15.301864873952766,0.016038405705632086,0.02059019599546177
['x3'],1,16,16,51.35462766843134,15.315424227915784,0.0155833476839758,0.024255395260935054
['x3'],1,17,17,51.38836303038386,15.321031599308732,0.014893786513201678,0.025386929147293045
['x3'],1,18,18,51.39465540440807,15.329911108067765,0.014763554768140574,0.026404546221819
['x3'],1,19,19,51.505037272481005,15.34465279856621,0.012580513500816482,0.02654480661868391
['x3'],1,20,20,51.51119036053357,15.35561421293907,0.012463586360926194,0.027403117576723438
"['x1', 'x2']",2,1,2,39.26135571998951,9.783739718407896,0.23791667923323523,0.03576856973211955
"['x1', 'x2']",2,2,5,25.693921344691308,5.2122963272077065,0.4953613936347079,0.04674873906827426
"['x1', 'x2']",2,3,9,20.747476801353265,4.260992007250502,0.5900982647753498,0.06299685970997629
"['x1', 'x2']",2,4,14,19.953511379724763,3.8020954105051317,0.6041718998377544,0.06302538043653652
"['x1', 'x2']",2,5,20,19.374686228038506,3.6558269258730673,0.6163992430732943,0.05500912868136416
"['x1', 'x2']",2,6,27,19.43797721750002,3.650757579014311,0.6154004820043009,0.05216769794310671
"['x1', 'x2']",2,7,35,19.602014154138487,3.6740851343666168,0.612461100419215,0.04959746865030778
"['x1', 'x2']",2,8,44,19.7786049479458,3.6156368217958286,0.608647645675837,0.04956299470506507
"['x1', 'x2']",2,9,54,19.740771618174456,3.556351676947739,0.6090376986283792,0.0503776507598357
"['x1', 'x2']",2,10,65,20.13190285254509,3.812661828790394,0.6021850452238627,0.04957497911363941
"['x1', 'x2']",2,11,77,20.649428865127454,4.005808702122112,0.592619312330618,0.04754822172669337
"['x1', 'x2']",2,12,90,20.994040701730697,4.4778913779509795,0.5875505608473274,0.04565134638681978
"['x1', 'x2']",2,13,104,21.242394688815406,4.621214606068154,0.5831886142151013,0.04344811292916204
"['x1', 'x2']",2,14,119,21.909862794957714,4.09579298979886,0.5669124574411175,0.04935428361074485
"['x1', 'x2']",2,15,135,22.712121620029333,4.759939784986715,0.5538738770539096,0.04292455415903374
"['x1', 'x2']",2,16,152,23.3928432775519,4.799924388042003,0.5404368575544426,0.042623691377990915
"['x1', 'x2']",2,17,170,23.579789640435493,5.0367940577794625,0.5376322373729729,0.04089143438062294
"['x1', 'x2']",2,18,189,25.28438789024405,6.051387712236898,0.5073597219602831,0.03273062494557389
"['x1', 'x2']",2,19,209,25.902745008572587,6.6973396182575895,0.49813759668465646,0.02317101350839338
"['x1', 'x2']",2,20,230,26.969228733643654,6.095452139388697,0.4729840226984282,0.037717951427413535
"['x1', 'x3']",2,1,2,51.286197648615484,15.084042588652947,0.01691629260741547,0.017869768983614077
"['x1', 'x3']",2,2,5,47.77531258149139,13.285290651436695,0.08015273934566895,0.037438307630140444
"['x1', 'x3']",2,3,9,46.411987598802384,13.035377769889585,0.10603868269144515,0.04440498028059201
"['x1', 'x3']",2,4,14,42.49387588874515,11.341865844417233,0.1762346667998217,0.08268357712597352
"['x1', 'x3']",2,5,20,41.926153676093406,11.571307989669545,0.18869806810868328,0.08501982957945517
"['x1', 'x3']",2,6,27,42.308424220926995,11.343729293775505,0.1789674119873173,0.09012814344577395
"['x1', 'x3']",2,7,35,42.379985586601705,11.385930898396051,0.17815658554333832,0.07096783337448676
"['x1', 'x3']",2,8,44,43.048214630499274,10.696597649412487,0.15941626803016196,0.08390374967434068
"['x1', 'x3']",2,9,54,43.632067746687746,10.30985619855189,0.14478486110266034,0.09554544991975598
"['x1', 'x3']",2,10,65,44.13438655115252,10.569283181324698,0.13469410206686125,0.10364798901213529
"['x1', 'x3']",2,11,77,45.17621588152378,11.434080469149555,0.11609445480821379,0.1102900929603829
"['x1', 'x3']",2,12,90,45.64593727947496,11.551569479479939,0.10708590745518214,0.11146941103620729
"['x1', 'x3']",2,13,104,45.89746631218115,11.218303253398657,0.10289188762373196,0.09132227782862819
"['x1', 'x3']",2,14,119,46.981774472758815,11.584766039212841,0.0837089025709703,0.07959079773363986
"['x1', 'x3']",2,15,135,48.073194323109334,10.97246205702109,0.05955656113943712,0.07966136096870881
"['x1', 'x3']",2,16,152,50.31345467351297,10.014805129617088,0.006635299434732489,0.12211541097429869
"['x1', 'x3']",2,17,170,50.805019488103135,10.213959054306658,-0.0031079745068576248,0.1295532427143237
"['x1', 'x3']",2,18,189,52.21879758666803,10.163020011467871,-0.033603882152807144,0.14722257052199678
"['x1', 'x3']",2,19,209,55.394084088740364,10.324256981090748,-0.11011463451077493,0.23877596489166783
"['x1', 'x3']",2,20,230,62.225920888730755,17.52110236221915,-0.2674504365138562,0.47394341819219066
"['x2', 'x3']",2,1,2,38.094730776186324,10.32268189762679,0.26344376528538954,0.04117807640005417
"['x2', 'x3']",2,2,5,37.08884169142725,9.41147143694192,0.280685605249971,0.03466978901354432
"['x2', 'x3']",2,3,9,27.76097394056766,6.745823820612307,0.4587615523063383,0.04352077755961427
"['x2', 'x3']",2,4,14,26.98575630693203,7.404669931017343,0.4771950464390352,0.04172917945771262
"['x2', 'x3']",2,5,20,26.194239131654218,7.262991049432229,0.4933059461578897,0.03573102480635977
"['x2', 'x3']",2,6,27,26.12968637463671,7.425050214895005,0.49526736307015407,0.03627237306463612
"['x2', 'x3']",2,7,35,26.380363951980883,7.534787989913977,0.49094142576879546,0.03493163529766783
"['x2', 'x3']",2,8,44,27.06555505582286,7.479616978878557,0.47636713941807207,0.0366695227814336
"['x2', 'x3']",2,9,54,27.415361682778165,7.4779471318613,0.4692825332899039,0.03689079047959828
"['x2', 'x3']",2,10,65,28.294055289075146,7.827337285745068,0.45282822721090765,0.035765120609986385
"['x2', 'x3']",2,11,77,29.001952076981354,7.772617275244079,0.4378496155335272,0.037724041298426485
"['x2', 'x3']",2,12,90,29.700308233898774,8.209219396742467,0.4247815513267935,0.04379966099515392
"['x2', 'x3']",2,13,104,30.520432230822014,8.371822589091085,0.40852281640435467,0.04394442063245189
"['x2', 'x3']",2,14,119,31.447098650075596,8.626769622467698,0.39010978216369735,0.04966139326191985
"['x2', 'x3']",2,15,135,32.778510431958026,9.271782162990934,0.365952030423011,0.048712131483976365
"['x2', 'x3']",2,16,152,34.06745044687738,9.340534225301317,0.33881525030336873,0.0654694244417858
"['x2', 'x3']",2,17,170,34.28080033429681,9.853868493439064,0.33757142396802575,0.054025763113135984
"['x2', 'x3']",2,18,189,36.2881347990935,9.631918742178899,0.29551494131419415,0.06817748762558462
"['x2', 'x3']",2,19,209,38.58843599387428,12.118790316821595,0.25915298317102026,0.082361033234685
"['x2', 'x3']",2,20,230,40.627891252590814,12.153323298160801,0.21901965960978273,0.1066028303995177
"['x1', 'x2', 'x3']",3,1,3,37.99035917331829,9.949786256999332,0.2643826752736942,0.03340282751142559
"['x1', 'x2', 'x3']",3,2,9,23.435414832526924,4.10626725675573,0.5360604036121268,0.051998287068536
"['x1', 'x2', 'x3']",3,3,19,11.770181597569659,1.7857344215320305,0.7650921245100634,0.03498233538967433
"['x1', 'x2', 'x3']",3,4,34,3.731421540197079,0.316303571619334,0.924329931996436,0.014574429834112236
"['x1', 'x2', 'x3']",3,5,55,1.3264914436109454,0.1800746193187307,0.9731848939261392,0.005609305572386209
"['x1', 'x2', 'x3']",3,6,83,0.5995950670852628,0.08413898596455839,0.9879096233215398,0.002506799504524199
"['x1', 'x2', 'x3']",3,7,119,0.30868402474327244,0.04305285893351077,0.9937676188241806,0.001282339399050756
"['x1', 'x2', 'x3']",3,8,164,0.27079208241018154,0.05317237060267078,0.9946409083881758,0.0007925676057740978
"['x1', 'x2', 'x3']",3,9,219,0.2775450347888733,0.04538150721558697,0.9944511244108787,0.0009823102880705853
"['x1', 'x2', 'x3']",3,10,285,0.3384432766247262,0.04337725554864093,0.9932152091999175,0.0010337995850886771
"['x1', 'x2', 'x3']",3,11,363,0.5011476326975499,0.11556963259916717,0.9900796183102788,0.002021026805587032
"['x1', 'x2', 'x3']",3,12,454,1.1102711762632151,0.4767912067364861,0.9785319556588131,0.0086597033615102
"['x1', 'x2', 'x3']",3,13,559,4.5781570517530765,1.950797213211094,0.91184212304298,0.025288478174160172
"['x1', 'x2', 'x3']",3,14,679,37.36759614270402,24.87785325340684,0.33703442538125483,0.28630302605013586
"['x1', 'x2', 'x3']",3,15,815,63.579119594649306,51.37405320005566,-0.10395728133428002,0.5391674926684199
"['x1', 'x2', 'x3']",3,16,968,130.7345151679891,59.94824400875115,-1.3956959781795255,0.4904666534781728
"['x1', 'x2', 'x3']",3,17,1139,127.41694367523264,65.45479464413874,-1.3099858309171293,0.588325087595086
"['x1', 'x2', 'x3']",3,18,1329,211.84939018061488,123.89828215845456,-2.7389754039182677,1.2180142828690803
"['x1', 'x2', 'x3']",3,19,1539,270.24371262723054,221.92175409390512,-3.5864986125347307,2.3066642057399807
"['x1', 'x2', 'x3']",3,20,1770,591.485470389581,348.5215320241354,-10.278071611198285,6.627433810347741
