x1,x2,x3,y
-1.0,-1.0,0.168256068084363,9.244375951896172
-1.0,-0.11204491604020195,1.0,4.230389933781453
1.0,-1.0,-0.5919056394590412,-12.6533533765135
-1.0,-0.6025101684807959,0.7578620949586887,5.935674166017824
1.0,-0.11179974100795609,-0.1652666114034982,4.18379647308852
1.0,0.8315917917576254,0.9172263525386108,22.362454902512695
1.0,0.4411272711187706,-0.8135999692513947,8.104203473943217
-0.45197688739897623,-0.29455572429188903,1.0,0.7607356265444178
-1.0,0.33006770545246855,-0.008829162603651852,-3.6341085174040417
0.24559973748128883,-0.2580007080770994,-0.0067148762486710645,1.079161087606239
-0.41109330491075347,0.33356876459525986,0.942224980514148,1.892252213842371
-0.7650756174719875,-0.21937460711797074,-0.20523181545144809,-0.5790008427268951
0.21084623121364254,-0.8818473122747046,0.5832589668878081,0.06894230580545696
0.035177917616497245,0.7554035320199801,-0.24502313069249748,1.6784864010768907
0.32563027160928226,0.5442396464959269,-1.0,-3.1839328918935164
-0.36742692343891137,0.5448745917188924,-1.0,-4.490988138868327
-0.18754643476196486,-1.0,0.14981231338756018,2.98373960073181
0.6875305963918028,0.2349103893352984,-0.8207369247265182,2.015437621257846
0.12181176818764405,1.0,0.5044347273675907,7.260065809545516
-0.04391686587593435,0.23531254754257147,0.48285174355024596,0.19487360133471998
-0.18951816749964712,0.29913055681733125,1.0,2.6707178828288964
0.8459350162085297,1.0,0.33989668090879843,9.162680661591326
1.0,-1.0,0.2715314767745496,-7.545885051221867
0.038379313174181195,1.0,0.5672834836955061,8.337729324582046
-0.7274492260419279,1.0,0.7650796803263673,5.4401903288144
-0.7625871865223339,-0.386649897955079,0.08383722508040536,-0.563701638820739
0.6478304674674804,0.5125661000916013,-0.5429809105672705,1.5533602227366385
0.29711053113027686,-0.535114470481133,0.5111077971890488,0.4604926973412512
0.028941559711561426,-0.4581796590451146,1.0,-0.7195727207698469
0.17996482265797908,0.5512285745454581,0.07764718233889356,0.7309586946038892
-0.3798745768153864,0.13667586770943863,-1.0,-1.8854145140818024
1.0,-0.4081892365412805,0.037433403748219574,4.083154264858182
-0.18791471327550147,0.3677893563298025,-0.2796512126470221,0.1555441288462031
0.8808276279479512,-1.0,-0.8933510002043568,-19.273643940365623
1.0,-0.631477360237511,-0.22981263987563683,2.79809746672815
-0.5730757480559674,0.7238979292172394,-1.0,-3.4095233834791387
0.7403759412975248,-1.0,0.41080845433163904,-2.6579419026989335
0.07192641695744739,-1.0,-0.9181257670503016,-12.169504360106783
-0.04487867093277442,0.20414105591456133,0.6750167520225756,-0.07372872058675625
-0.05502627342428679,0.012611155846967925,-0.6338225474463253,0.36472014113017165
-0.040003372665574854,-0.43937013127826074,0.7546742234749853,-0.10438283921559828
1.0,0.46927741796693323,0.23930621453715006,7.016024915569895
-0.42582214609420954,-0.07131200798036019,-0.41984770508069924,0.7389974902161615
1.0,1.0,1.0,26.024531862225544
-1.0,1.0,0.36272395136675106,3.0042065173985204
-0.009356460408198375,-0.05285963808774774,0.5847963272099175,-0.007002085123707563
0.06590492439493967,0.3713568672249221,-0.08041835607186254,0.1794971285366591
0.11481402957902298,1.0,1.0,12.193938291668841
-0.06733422722792137,-0.38381657187130425,0.7310800459669737,-0.08180642813593669
-0.35760081894417817,0.0009013047314772038,-1.0,-1.2932338847393443
-1.0,0.303822282376883,-0.8063140224346916,4.729120930594091
0.6319693156789326,0.5262425811231557,-1.0,-1.9473903432747774
-1.0,1.0,0.8672182966796951,5.6559815253799055
0.9825923970721748,-1.0,-0.30281392661184614,-8.85873309663522
-1.0,-0.5700601743982225,-1.0,5.224677135543475
-1.0,-0.36376113155711853,-1.0,7.44668694631162
-1.0,0.16870915433783207,0.5032491553176388,-4.053950952238615
-0.1335151034176152,-0.900876137311855,-0.7069832518063475,-2.0324894090562906
0.7478613085020369,0.11533987771925314,-0.7083631406212965,2.5388270700115294
0.20126022403236932,-0.5033874757195973,-0.7821536083168146,-0.5038339792438921
-0.7314254414966632,0.8000124605152625,0.06358388210368626,-0.8555700466523013
0.6686870005829288,-1.0,-1.0,-24.882060364358743
-0.3543820913389293,-1.0,0.13821294719205546,3.1084705541583366
0.1818064789502054,0.6127875138069425,1.0,4.394140833276098
-0.11419685261273527,0.8596398768139628,1.0,9.72505452469922
-0.7198240851048423,0.9632219465402965,0.23881339712410088,1.46077116170768
0.045739411378015404,-0.6405229615696364,-1.0,-6.898240101771427
0.16569642133925822,0.2253478037717891,-1.0,-2.833905550577339
-0.2998733975909669,-0.5807216258825754,-1.0,-5.085359415981201
0.38743144243005534,-1.0,-0.1763134683249039,1.077894056382588
1.0,-1.0,0.799391121617804,-5.372180527202287
-1.0,0.36470825073366986,-0.4476356622954185,-1.1349977737380124
0.8496416019982067,0.474665359169659,0.9264258052306518,10.071069229405472
-0.3387285514087872,0.4841482352737023,0.8574122822773926,1.881945475770776
0.5239105326839366,1.0,0.7126168034917446,8.487225329198134
-0.8432637458893413,0.583607288788847,-0.10965419704353208,-2.4982431760148502
-1.0,0.9123387089883002,-0.8095645456905745,12.03748788396599
1.0,-0.6461362695420556,-0.44117518758139807,3.5517098042069692
0.17407617683028076,-0.8194549483785771,1.0,-3.4601820960497007
1.0,0.5091944877886636,-1.0,12.779063668763857
0.6037318335960318,-1.0,1.0,-6.481093633142074
-1.0,-0.2715549661972527,0.13624654296703476,-2.897279319938937
1.0,0.9851876856720021,1.0,25.78826111697346
0.6402500303201675,-0.9404891815432275,-0.867454713649624,-10.150480238777337
1.0,-0.2226936482035613,-1.0,6.052102481040379
0.9540680066755158,-0.6204070203306811,-0.054347077771204955,1.2568318642344405
0.3135073785341711,-0.8619419396107051,0.7273118471576037,-0.5997092418481971
0.15184004649446026,-0.27249031309343197,-0.9622412580915256,-2.3811412827955585
-1.0,-0.5052843182800342,-0.048202903413237186,-1.836048579910246
1.0,-0.7145274283042036,-1.0,-3.1084482637194397
0.020898960856606363,-1.0,-0.9641699354798132,-15.081660347320035
0.3567956580468612,-0.09972554681985324,1.0,-0.039187317469226324
1.0,-0.5633439188299096,0.9822915646639423,4.414573539733966
-1.0,-0.24958230446091845,0.6166382890755404,-2.051754397635813
0.9126270598109725,-0.5665387108018456,-0.5559955934046987,1.9284416998987441
-1.0,0.12183353352096482,-0.4973710630265953,-2.364691961763833
0.544093174833105,1.0,-1.0,8.294919789174248
-1.0,-0.2935437957824585,0.8653686809634136,1.9557733426000872
-0.5476009919687665,1.0,-1.0,-0.14950169823707105
0.6596557218222887,1.0,0.30556093530295114,7.078080212490931
-1.0,-0.22313639829265108,0.5023916407790858,-1.3235800372919926
-0.8766491796768252,-1.0,-1.0,-1.9111237756721557
0.5941897656953938,0.21282237847676977,1.0,2.3942109722563485
0.3047716952516102,0.5699252697644097,0.5317720152391499,1.8088074079141525
0.273891118298796,-0.20060465518747428,1.0,-1.1907496034994638
-1.0,0.6742245452573383,1.0,8.088872808303494
1.0,-0.47998207475393606,-0.4003300773514009,4.834812033289131
-1.0,-0.12818080877875127,1.0,4.024980024028339
-0.2313824454238238,-1.0,0.6577892135217942,-0.5901060620856304
1.0,-0.06732720248205748,1.0,10.480559224555257
-0.33697663282821844,0.8854113803570565,-1.0,-2.210033353844263
-1.0,0.19331784904028781,-0.012851780059562445,-3.977629243717331
-0.7889385990459643,0.4787861292731288,-0.7619632664380971,-0.28148835856501364
0.9909630159718219,1.0,0.04974268123613301,13.35912380083478
-0.47579329298624873,1.0,0.5830775336669809,7.178609097668085
-0.9150572682988181,0.40808736703767523,0.010871192723909129,-3.1014497270779113
-0.8820572420920783,-1.0,-0.3729338760760723,5.610397563973622
-0.31915783972393785,0.9905914196902041,-0.6829152635137239,5.696947202146591
1.0,0.06341801803497438,-0.9081059746974027,8.538404225087634
-1.0,0.39381049338343455,0.4948423885666018,-4.399605065057015
1.0,-1.0,-0.5248953381398043,-11.477558387649179
0.2203665452604029,0.6931565922854732,0.3621050649078883,0.7269790830248707
-1.0,-0.26389085697338,1.0,5.233962379870624
-0.5016065837876802,-1.0,-0.11446432425448072,3.875639763784246
-0.23470009509519563,0.532658999343427,-0.7302258799935826,-0.840177274174926
-1.0,-0.7770617763414027,-0.6628636635195893,1.7311707472717155
-0.016951441913783727,0.8393224938454682,0.22640925075560792,3.0568789348780223
-0.8674246441666837,1.0,0.8547371328078537,7.238317336467691
-0.5143177541153974,0.5020876962466934,1.0,4.496899340259763
-0.8116959076101631,1.0,-0.02719867111671026,4.473593189302821
1.0,-0.2947670453186375,-0.46685565404136886,5.270613522051104
0.10738270825717122,1.0,0.13464666604984865,7.6238906453095545
-0.7925525091180254,-0.12614851998468724,-0.38355999949840025,-0.9641590941117759
1.0,0.9837976276797544,0.48157111707089406,13.729514744004756
0.35164916089332277,0.5543618425752836,0.4965595584818898,1.203585399911752
-0.7862035445842352,-0.11562011937209671,-0.7383870891107753,0.618429737351219
-0.0576912012811408,0.28977211771859057,0.6828163477159386,-1.064685689400577
-0.4331542166205473,-0.3368711392782895,0.10519065077060041,0.7577892022548337
-0.20779574997495964,0.3492962372864845,-0.43448135671316823,-0.042547223374883716
-0.02548235276434596,-0.333266832471411,0.4904111131014093,0.3817497483742639
0.36144531089221,0.47672528129614755,1.0,2.7396866969652747
-0.10568001388574899,-1.0,0.413216550682471,1.8932971696180405
-1.0,-1.0,-0.15495109265436047,6.288593097824748
-0.9620449013714085,-0.35149800647710805,1.0,5.991538212872549
-0.23625250901964212,-0.6030888267654251,1.0,-1.0868402135439945
-0.11731195032669772,0.06956964697473289,0.7772801308212911,0.3586508319979771
0.3663803709076783,-0.19143807210063635,0.7611235697477792,0.5482588117253997
-0.2960711308407309,-1.0,1.0,-4.966650637495468
0.40906105156003614,-1.0,0.20454221662483074,0.5832881609959006
0.2099452491029099,-0.22515209244104972,1.0,-1.558555541270449
0.6705297689838743,-0.9700967263243954,0.034257976331820705,-1.4848646601714883
0.188856802617821,0.5845048923983807,-1.0,-2.8371297868379464
0.6326598505178394,0.887249837867877,-0.17337983451586547,5.463425596883075
-0.9976721281067842,-0.08400463920576651,-0.7592152854096044,0.9774471357192607
0.03371593844965082,-0.32453735116430305,-0.25674848325084265,1.417777794488073
-0.352968763257516,0.6486721520532683,0.5051668011116752,0.0539437453894225
0.7600316811698964,-0.46446177411786205,-0.5064057406617701,1.2634913340280864
0.6038024999311435,0.5611473611166942,0.9066161372902797,3.6754159274449307
-0.13222860960728622,-1.0,-0.3744630861657332,1.4133880901788007
-0.050977702146042025,-0.26120876948466987,0.539918683723116,0.45371846814664557
-1.0,-0.8529100285935141,0.4604947014893339,7.773594708488171
1.0,-0.4315037805213533,-0.9375796064611761,4.587724342362839
-1.0,1.0,-0.34910488855369315,10.972398654396782
0.3668652311653471,-1.0,-1.0,-21.08369669799679
0.7319834138883035,-1.0,-0.6862581969615951,-9.60450685728308
-0.34233586799492843,0.45146788122533055,-1.0,-2.750955197367966
-0.6742361641681895,0.4368634185862714,-0.27922675470011504,-1.1763197005306405
0.9793250265394662,-0.6148515525468938,1.0,1.9170493116656069
0.3721564290489985,-1.0,0.2783383004483848,0.7659573245947876
0.8240958719714464,-0.37703649196277467,-0.5352681070290091,1.9213111479546832
-0.2281404717693185,-0.2357879000748837,-0.5403077706967188,0.804637487099845
0.4964089180064277,-0.44818297101493076,0.26768472454908565,1.4301897482750043
0.7855234728095808,-0.5251816415805322,1.0,-1.8411793655996356
1.0,0.2690185719554492,0.7959027971724992,11.954005602209705
-0.8686667865957802,0.5754261651444539,0.2528295500432456,-3.734621620745329
-0.9664813843313365,-0.5091198856042756,1.0,8.459256921635905
-1.0,1.0,1.0,16.832704123070933
-1.0,-0.35272406609838347,-0.018825521075852114,-3.092533900578764
1.0,0.263528215544409,1.0,18.217236163577162
1.0,1.0,-0.6878776152780943,24.653654645570896
1.0,0.03659119775051489,0.5412590722950155,7.104643902913224
1.0,-0.1870134238063672,1.0,8.95226033776065
0.04877082204644623,-0.7445886554236896,-0.8618191447231844,-3.32384712763676
1.0,1.0,-0.5949761215845426,22.98190955153915
0.674796833202558,1.0,0.24595619358746923,7.406743627008323
-0.6380792287447175,-0.4155576445345306,-0.6045954322342351,1.7946468785512892
1.0,-0.021569469124858687,0.7480403224144017,8.603798078890817
-0.39472235819530144,-0.6045355020158056,0.8679987815058214,0.12178426212184174
-0.5137227109141267,-0.8489789755302326,-0.8783262034954866,-2.8027589973831506
-0.7387158602722996,-0.16959775801273747,0.3846758796445888,-0.03402932026248473
0.288133220157758,-0.3798266801377652,-1.0,-5.054423835675445
0.32007902868613347,-1.0,0.5109869296394689,-0.40287167598882745
1.0,-0.5773998038135131,0.42526909638922716,3.691892579779487
-1.0,0.6811940912973706,-0.08161795718049136,-1.0846871297775527
-0.8097230192097147,0.2596561403455977,1.0,2.749111771779959
1.0,0.4618853384639603,-0.20075620334632238,5.842428687432604
-0.04605429684745466,0.8829789358221314,-1.0,-2.510172354481129
-0.13050477077869704,0.5427596349479691,0.34998088043022224,0.03150625659169397
-0.2712214207739949,-0.9773419672084147,0.6712870064816141,0.16950608596302175
-0.8564763943091749,0.12601330417944112,-1.0,7.417699991309274
0.08419717814907401,-0.5491569429607821,0.9188942103736821,-0.4355756902664355
1.0,0.3625546668491102,0.598608926235451,9.499545039898903
-0.13165449424243958,-0.15484477283689402,0.5398038163214358,-0.3622930877125441
0.6707486699632146,0.41034577480292334,1.0,5.662105426899713
-0.04297706147692626,-0.10725247212904199,0.7909644967390161,-0.36900373301630185
-0.8212417382039714,-1.0,0.5170347952641701,8.269621281600546
0.16146342104473121,0.6910547684414694,0.49245733461594465,1.938285699353155
-0.7500897994851237,-0.3967802168822483,0.3883124744669497,0.25196852041381795
0.36190868443667434,-0.48051682792075967,-1.0,-6.329749342177112
0.27114577954914654,0.9746640322922882,-1.0,3.1051754358476606
1.0,0.7932760809908459,-1.0,19.255641117905768
-1.0,1.0,-0.3177092276370781,10.843733427215945
1.0,0.23313365679988385,0.04152753726676095,5.058129453120653
-0.8324475882980154,-0.15805353173664538,0.046139987570884555,-1.24354146660886
0.0008113317170141965,0.9601892266491558,-0.9407007489962012,3.307104422073428
-0.0020231778218335883,1.0,1.0,13.267439669418161
-0.33902328441688634,-0.8215514267688693,-0.43240640898478033,0.4764733730949118
-0.10401183116964563,-0.4990705601320722,0.4219633746226692,0.26342474060981624
-0.4738554512884332,-0.44873238933010895,-0.29470247853628573,0.9751498070773293
-0.26285053542244063,0.4303079290446332,0.1234722133509174,-1.1036293674764868
0.06471399765345809,-1.0,1.0,-6.324118725218893
-0.9867074423579023,0.8927050458180501,0.30271208418573603,0.0649242503359562
-1.0,0.8804327945646178,0.8052819692097686,0.6235401634473223
1.0,-0.44147325102023616,0.8301909640490195,6.221764007702452
-0.4899074308636111,-0.7145570649275874,0.5856997213480188,1.4107453193967643
-0.7715990172882783,0.8361668561426292,-0.2761049284926407,-0.18702001967608425
-0.8210888190151198,1.0,-1.0,5.016175106316589
0.2024177885448022,1.0,-0.39924459637592746,10.752565476057677
0.5417636267274468,0.338870751400161,0.3730245799026277,0.6837988681042979
1.0,-0.0005020663923540614,-0.3276400285059875,4.709244705636668
0.5917315439442432,-0.8174813657257463,-0.4174710134416615,0.6717302761572452
1.0,0.3979654804264574,-0.9615186555097406,10.57707019741299
-0.17675719529807465,1.0,-0.23822314356509477,7.208725205665418
-1.0,0.11472691302306015,1.0,2.9332168254356423
-0.9337253154239864,0.4576641431064097,-0.7173134434874522,2.546876571097987
0.06742319762993088,-0.7278903351366075,1.0,-2.8483097243419313
0.43143807128979295,-0.8836419351376101,-0.5397015047453217,-0.7805612537931345
-0.6112785723638134,-0.3582395126682951,-0.8628402221135807,1.2739479239999099
1.0,-0.42100015398159996,-0.2431014726886469,3.65156879040478
-1.0,-0.6829013040311689,0.8737403472866667,9.27468679150897
0.005218739370912218,-0.44624251214474797,0.9941163824385995,-1.3386311196019385
0.14929124497868518,0.6112632465926782,1.0,5.527857601873667
-0.6530863035258005,-0.6878761459371197,-0.17111617871193063,2.15381920345881
0.8504706308737982,0.444412329292579,0.26547014412097036,3.1868163886184266
0.04056607354899233,0.9977013823492247,0.6315873645316243,8.324499531241555
-0.6777756204210297,-0.3902874257126756,-0.6263269522815185,0.8661073593039428
1.0,-0.7726283231943711,1.0,-0.6807314708771653
-0.8004607719678865,-1.0,1.0,6.359102396118629
0.6725429068400317,0.0008406643213727527,-0.9062922297320934,-0.12460980854443338
-0.68087886564611,-0.4352576288915384,-0.9594395664366844,0.1117359244145476
1.0,-0.5738835005178469,0.21476109126192955,3.132135490621696
-0.7948659884104543,-0.4891332169984173,-0.10736984666780836,1.0804930068024046
1.0,0.20955004433711144,-0.09422236927347383,4.800830450201203
1.0,-0.05492196472324129,0.3575265578495628,5.290278249124414
-0.6450897532433113,0.9039121731792397,0.4428209723794394,1.0828819328158121
0.5403755080925148,0.7467791966681883,-0.31495029703444866,2.1344285537307806
1.0,-1.0,-0.29396504234903564,-9.606985177373037
-0.45826892355922233,0.04056547176842695,0.7213200390620131,-0.30355957277374285
0.19035023069974621,1.0,0.5075577767718715,7.902952969057205
0.2370375051335165,0.56269637596453,1.0,3.2773618266222586
-0.5491724533099347,0.06076363268747009,1.0,1.7231829566576418
0.6145179655793171,0.09883470903086611,0.690512257646728,1.2382548814204408
0.5691201632448113,-0.40353349292229823,0.6795736560991821,1.2393483087270187
0.14252624238774936,1.0,0.06690291368298329,7.729733170520906
-0.8640575480726531,-0.11698802828907051,0.8167543800072403,0.38641363379925076
0.4891059606383039,0.1277044977306694,0.2438324810639485,1.9106136087880674
-1.0,0.8425028386332019,0.8189306610091782,1.9435683884154462
-0.26574379727549946,0.8945774780177196,-0.29633334684455503,3.2440161809821833
-0.6641617527808914,0.35817117902713225,-0.8984299549271844,0.0538041402090112
0.39759862347780195,-0.25585629389956277,0.5479030635857991,1.1451103745205982
-0.010094975980930343,0.04962031763697916,1.0,0.48983072816688683
-0.24221117978125162,0.7785652971476342,0.9543343511170861,6.8590504905437175
-1.0,-0.5705520694549502,0.4474118430509062,1.3305235239605444
-0.09235970572877283,-0.47314825280561545,-0.18010853944437422,1.6942858568318413
0.062409532830277836,-1.0,1.0,-7.16650660200243
-0.8269913022945294,-0.12840767660622188,0.9686927523854012,2.3282115729379216
-0.8668424877111751,-0.5958052053803817,-0.13140374166551894,1.1144743333229443
0.10664368165376636,1.0,-0.7406426597102185,9.49940298906608
-0.10327253762565225,-0.008418112294819036,-0.9334017517254334,-1.2312205707822264
-0.17661683657968008,1.0,-0.23604837474376228,7.72695912207106
-0.703070535110903,-0.92051526649616,1.0,2.9495988004334706
1.0,0.17448035701823472,-0.346649975032443,4.501373527214332
0.7606168512361513,-0.13313050599398535,-0.08449649817548832,2.2028116286230985
1.0,-0.25842449556222813,1.0,7.758311115196254
-0.9281461909295969,0.9279404382153917,-0.9977707274055998,12.302032409137587
-1.0,-0.06513766400567533,-0.2875530731725122,-2.60810778443819
-0.12259260137524008,-0.9259233766940498,0.37413340722944066,2.2253119003419206
0.491740161338724,-0.45967120980207143,0.5380680456238915,0.5413242646797749
-0.040868706168879276,-0.030478950736045674,0.11507901083337924,0.9334457638856051
-0.799575450557122,-0.07764970558383122,-0.48644095438596935,-0.2892350594103748
1.0,0.9588524995399557,0.10935748851768112,12.710065802490872
0.30946374057818704,-1.0,1.0,-7.3310086908656755
-1.0,-0.6557051766945132,-0.9242772706579003,3.6394272621700874
-0.2270875540630235,-0.18174801301484877,-0.5312793287694222,0.9164796709237035
0.41442672540930214,-0.6589917805348171,0.006594804980164737,1.3164130665751692
-0.7442639872867565,-0.3098019958045368,-0.04616800200774529,0.2034117333918516
0.09348846837586589,-0.5015321863438325,-0.20121675042649967,2.623795800102876
0.09250209797780129,-0.6025815828674641,-0.30521039987558907,1.7548800880493338
-1.0,0.06755697110561765,1.0,2.8617398155114735
0.17806786970339394,1.0,0.20862507681180564,7.220302661171632
0.3184271124172271,-0.9273191086552268,-0.07146154943327021,2.391510007709207
0.6319611297333272,-0.7566821075775452,0.060147656390342696,0.6205533914382001
-1.0,-0.4235623466615013,-0.8970044352511477,3.6244212070389192
-0.2962778770770629,-0.4878985771330213,-0.6822293255109944,-0.02123398466567261
-0.05109531316505489,-1.0,1.0,-6.640910784709444
-0.7432167852295588,-0.009485066718766921,0.7851510625943026,0.01029606937438371
1.0,-1.0,0.7821818088398331,-5.324875953412133
-1.0,-0.19557382197239104,-0.5444815404628858,-2.626369503635199
-0.016950820433475178,-1.0,-1.0,-17.39395623345738
-0.07330361646909145,-0.3207656580233553,0.6738339558126161,0.31798869172422023
0.6749857463621276,0.6994630846240513,-1.0,-0.564443031593291
1.0,0.8358808829423185,-0.7105322076201603,12.586043319152514
-0.46471512309017715,-0.9199305740894483,0.13659362004776376,3.0729637665658216
0.04679001963093121,0.30407023160224167,-0.33091047214053004,0.34441301010216663
0.861515359389345,0.6511447005517124,-0.43211474616982937,3.257512315671302
1.0,-0.5878395867726953,0.3985703980835791,3.7298839926535257
-1.0,0.43881940710894307,-0.65113080958928,3.285243574068563
-0.18618739450002453,1.0,0.45292765708821614,7.875077945104832
-0.25497043171584743,-0.0835213001902897,-1.0,-2.186268508370409
0.3817213151094989,-0.3528983353587476,-1.0,-4.633913007965161
-1.0,-0.4755999274954794,0.8583720970418887,4.775142163362815
0.19531185692736486,-1.0,-1.0,-18.60074450392471
-1.0,1.0,-1.0,21.466224629095798
0.08970385151570248,1.0,0.11214971010746377,7.373322428499662
-0.9258580008798063,-0.6906984378914482,0.0018174280282112765,1.6686540216095418
-0.0500784625113222,-0.6373526445482687,-0.1480096483812141,1.8791380663326003
-0.2559700342462723,1.0,-0.9318963162328338,3.905365373233286
-0.566844994527334,0.8143111727534671,-1.0,-3.0558251129495955
0.08714217906826072,1.0,0.2782644892482371,7.211724623189167
-1.0,-0.9080531587026772,-0.47695328185924724,4.474541272809584
-0.5264207020502956,0.42983378757874524,0.7116826332231794,0.04006403402296077
-0.49951349744581997,-0.08690590098828976,0.339739078342141,-0.08508189204471445
1.0,0.8545652907885908,0.17769672714023343,9.515011865857538
1.0,0.45818206217785784,0.019395299684909828,6.722550559404249
-0.7236719401161047,-0.02041137579616148,0.7947747632202145,0.4762023137405341
0.38408857384799133,0.5727272424547281,-0.2284662667949824,1.4872489720684499
1.0,-0.5616485513946032,-0.12816498942517285,3.1016527846602355
-0.2927197784540403,0.40543985950501726,1.0,3.574303109519152
-1.0,0.9109666006474884,1.0,14.445778382358547
1.0,-0.01475822406093652,0.07955379871609658,4.907086100124912
-0.03820301629380629,0.782986617061052,0.48211149373512185,1.6452583254296278
-0.6472732232257243,-0.44638403781195435,-0.05080778156040644,-0.37255473093940505
-0.16257894121695804,0.3175048394478901,-0.6861530680606989,0.5665923759596113
-0.7296196213616093,-0.8189382834127006,-0.39363407820899354,3.560576888966328
-0.7668701005146841,0.8806325915121718,-0.0826444026219626,-0.45302758658368186
1.0,-0.5130062762489183,1.0,4.598124071771694
0.10162661398837836,-0.5481298514534625,-0.30096395472584114,1.8550507804546317
0.8756738666517094,1.0,1.0,18.35352778597436
-0.9092386990172996,-0.4158814153321029,-1.0,5.107477533953978
0.19607825022290837,-0.9878968665707102,-0.3579436714283555,-0.4397491463493137
0.29443073584575186,-1.0,-0.2706602489031493,0.8195070953001884
0.015750854751954035,-0.7150974375790793,0.4269973792998534,0.6826118411503784
1.0,-0.07702268807778534,-0.21360302018851196,4.95576462724954
0.9133846651438746,0.2687936203692807,0.8546746612497782,9.658594343930735
-0.957400578186683,0.2882705911014094,0.04253393229357805,-4.004834523447157
-0.1572819763955795,-1.0,0.2745441994662501,1.888644046228206
1.0,-0.5663837363302779,1.0,4.268852851131101
-0.3400425257932884,-1.0,0.709410017051934,0.1447057823449258
0.6666769893950975,-0.4421560425989399,-0.41326625482464396,1.6434093926014315
0.40353296363810376,0.6219066641428106,-1.0,-3.1715144164464717
0.42742792852815703,0.32616934641337036,0.5948221529684825,1.035185064973845
-0.44301129301034026,-0.4894307390117416,-0.34152097042216756,0.7972706975113779
-1.0,0.6088195686692688,-1.0,19.06542001585002
1.0,-0.8695435765113555,0.9758169141842667,-2.6272345821799155
-0.1885229540211515,0.18805470022318627,-0.254073418666227,0.36771229710573494
0.8622613694895933,1.0,0.45016054906275804,9.175310621987768
-0.06446988354362038,-0.7875780165597182,0.2983999803009041,1.032736557630626
1.0,0.965678510405134,0.5953750547127805,14.199112870589458
-0.7638517904438296,-0.8023532194434082,-1.0,-0.5471746800081136
1.0,0.9667480545162996,-1.0,34.10955840895987
-0.1854533311043114,-0.21947835157443962,-0.5260771549037935,0.5403636058787271
-0.15029968021887785,-0.27639856279930486,0.07714437952847897,0.8518570901297863
-1.0,0.08025498160675482,-1.0,11.975281796873503
-0.7699983759069711,-1.0,0.29807397274583547,6.684112694265938
-0.2149363640410702,0.8553389170369521,0.35668045999597253,2.9556023491518078
1.0,0.9823496047463156,-0.9079523069646764,32.07949982241669
0.3182419348473793,0.05181137062285268,-0.14560065612853812,0.9091712164735848
1.0,-0.6517281033214117,-0.23846499494607198,2.4744225169720364
0.14085319965023158,-0.5190160769171495,-1.0,-6.224796363168366
0.775319904720996,-0.9235822702290317,1.0,-5.071154575053112
-1.0,0.34709778801713176,0.0468770617195291,-4.31486010061276
0.19449939597377375,-1.0,-0.1653549185446075,2.052964898210593
-0.7405724212333551,-0.46149882761801786,0.4163457797781134,0.22967406823954833
0.4675257163073283,-0.8386067462342075,0.8453339879019772,-1.1268668521615903
1.0,-0.13479392586466332,-0.764465938256315,7.276956505688557
-1.0,-1.0,0.4552750535926302,11.834232097380266
1.0,-0.5760255696026317,1.0,3.989515866165673
-0.8194036653596328,1.0,1.0,15.96864163249076
0.19475719668059677,0.9184466057846681,-0.2829191550768926,5.971549337121819
0.9744556853209958,0.49946772700256914,0.4429619343371942,8.114244061314961
0.3159881439675367,0.46861213013296377,-0.9486844739814471,-1.4089721017440484
-0.7963088809654504,-0.6679045509402517,0.2363806140121283,2.035611609395293
1.0,-0.4211975263486889,1.0,5.894656158378742
1.0,-1.0,-1.0,-29.496202615656877
-1.0,-0.29043186847591684,-0.5505722787150378,-2.504441592345748
-0.21152039887489638,-0.354837218886084,0.6675412478320415,-0.24107315315717615
-0.06807801068482977,1.0,-0.5229588302887787,9.758265515659161
0.387732533230019,0.07418215751972013,1.0,0.34310735961634475
-0.5558935136106771,-0.35064712415493915,0.22813080685523746,1.0838343587761485
0.5794668216781693,0.12105109143575032,0.23806899570354711,1.5250566138290282
0.9143937878132868,0.2703905023417612,0.02012073840890327,3.9305616970063686
-0.3809890538931664,-0.6254648330415549,0.37360503119574706,0.42555595892031417
0.15290735767148567,1.0,-1.0,4.9422960803724285
0.95263643584854,-1.0,-1.0,-29.445458919368157
0.4498855723278927,-1.0,-0.5034296115530759,-3.041664994542164
-1.0,-0.5972100465768073,1.0,10.650250482537908
0.05982950490914063,-1.0,0.660778126301921,-1.3890615732347389
1.0,-0.6605441436527133,0.25214179512517476,3.428123155747842
-0.28698555320274544,0.6166962415786468,-0.5390308563416193,-0.9750147498282595
-0.6104904326308493,-0.5992900325157771,1.0,1.6633991221098705
0.7168169921094083,0.10306198402110645,-0.3297807039833567,0.7897159214241858
-0.24051394366618428,-1.0,1.0,-5.400363275979521
0.742775384097478,-1.0,0.9093869986803713,-5.221638745840562
-0.6337435698417055,-1.0,1.0,0.49309947520374964
0.006773533323946479,1.0,-0.2623420061599038,8.351783063966478
0.658870812521446,-0.08871868300180807,-0.06036137184794921,1.1705006117492027
0.11704551086499593,0.05689244293836859,-0.8218012620864186,-0.9439434341350119
0.7901584991870918,1.0,-0.430030992491681,11.489806944304089
-1.0,-0.527523480540435,0.11960419861912608,-1.6042916485136824
0.45141238980348475,0.30850304069507306,0.0800929894106448,1.7784539089653761
0.41939561118828506,-0.7413901215516869,-0.19933372603194255,1.4767301829434663
-1.0,0.5143739542959942,-0.4062124356664387,0.21936175088520743
-0.016206191438270512,-1.0,0.4554486715180781,1.246180882316926
-0.5910801977007192,-1.0,-1.0,-10.074900254146234
-0.3816462478090965,0.7802657519112777,-0.16039002278622294,-0.045632890703440177
0.6456624421728716,-1.0,-1.0,-24.13553793336628
-0.07872125750284908,1.0,0.4080765401075608,7.253112774269763
0.7989315909784676,0.5152686669408504,0.7708412876230935,5.92304252937773
0.4421772782183744,-1.0,-1.0,-21.515375026421996
0.07942569736881211,-0.13934510450006266,-0.613795620881781,-0.2616625322672982
1.0,0.6768932336347748,-1.0,15.206897586141928
-0.08997092941939244,-0.025259931629365795,0.13332352353146604,0.3559186586906672
1.0,-0.6878832485932729,-0.7702385281807749,3.335539759323293
-0.6701518763287031,1.0,-0.6888302332015137,2.7974493001058525
-0.8285163753342644,-0.6885067323010403,-0.43165965941816165,2.5615373535921333
0.1412581663822441,-1.0,0.6387679020748873,-0.13843553382353704
-0.501310441677733,-1.0,-0.7353234019227293,-2.7540400835620633
-1.0,0.022143745521286062,-0.8617873186646305,4.857362392349396
1.0,1.0,0.32351677284790514,13.492607174014655
0.9063386294953015,-1.0,0.34038803500840986,-4.425968891638493
-0.060202568991670535,-0.13551488832777214,-0.062174803746035456,0.008792336511755594
0.6914638512158755,0.9896698022195907,-1.0,10.976970282576032
1.0,-0.08488502611450777,1.0,9.952886896304687
0.8427585340022308,0.4077680246088906,-0.023089079552732317,2.158657822986438
-0.0221889104484696,-0.36592887193194756,0.6366683973903935,0.8534157897015667
0.13961460961343075,-0.10522564705707582,-0.43833219018135683,0.7463777779161671
0.24497989245238116,-0.4787770657588073,-1.0,-5.997178400374488
-0.3998431269930054,-1.0,0.010469517806908302,3.6818140930643595
-0.4600204068975102,0.07817297534368017,-0.7941098104567477,0.2431483897018646
-0.7305000274026434,-1.0,-0.3580966488544062,4.6841586853218065
-0.2450487743917691,1.0,-0.723714734536564,6.733074674702282
-0.8910772157265254,0.013710775120085339,-0.18353438791476928,-1.8625451076089328
1.0,-0.7588723500165429,-1.0,-5.601978193088457
-0.4772411790516755,-0.07916197455703822,-0.6325478628316925,0.07806386914729743
1.0,1.0,0.4325780287032712,12.543553496614102
-1.0,0.8077860621980997,-0.14211915033259048,2.291750290693502
0.5527350151764869,-0.31096107602968526,-0.17690587979069194,1.5198051026540567
0.4292306483874231,1.0,0.7225885022948442,7.961756823293404
-0.7834248450412054,0.537582898110063,1.0,5.510138797041356
0.8714726288743684,1.0,-1.0,22.742192874599883
-1.0,0.16357219187991223,1.0,3.4190355633132414
1.0,-0.9417055890884947,-0.12458425171966314,-4.2670834394903885
-0.3829539578504537,0.4557077923149653,-0.43874696472021757,-0.5801356957655865
0.4082755057060514,0.4073339242113956,0.9077547910796995,1.5759530504016277
1.0,1.0,0.04343786973493424,14.202197287792979
0.2200743041119524,1.0,0.22947119416714856,7.421243371295506
-0.1235051697686187,-1.0,0.47079246262993335,1.6145753238926193
-1.0,1.0,0.5282544846428461,0.4358691454963325
0.48481310396079813,-1.0,-1.0,-22.347971400770852
0.6181034314543097,-0.20555836715609677,1.0,-1.3017937119538252
-0.2812469047911579,0.8154447799629578,0.8529857824918827,5.222606557449773
-0.11886328451057593,0.7343875308251844,-0.2670571348613151,1.0486866647556365
-1.0,-1.0,-0.5913699851443284,4.939243519910164
-1.0,1.0,1.0,17.32217025915672
1.0,0.6245395788398413,1.0,24.40626845887585
0.18391754116066683,0.03022179549335413,1.0,0.1800053792258856
-1.0,0.0011465440215214784,0.9345008608455287,1.2591280541958394
-1.0,1.0,-0.8806128771481769,15.29930403497507
1.0,-0.9752954290126765,1.0,-7.842065291828571
-0.4176292530410175,0.7753877314622908,1.0,8.911983744115636
-0.7598044277173466,-0.7042234408616945,-0.11956597425393634,2.5554046873801983
0.3600142511427564,-0.8916859965378516,0.45691718251231395,1.3022568753857984
0.5195409338290451,0.7262929828444664,-0.41028375717936516,1.3690554051234958
-0.740667649292774,-1.0,-0.9688643314014895,-5.7713235628515935
-0.6936060595429339,0.8809736230183087,-0.2807667468879642,0.4703276700379396
0.8992979976847841,0.6269225470805762,-0.27046215034310106,3.341385221784134
-0.004460659010529389,1.0,0.2089592419669637,7.277457632514681
0.009009664663068184,0.18927663778836923,-0.0791128735829707,0.01972872556255484
0.02875667652595304,0.3665426885499854,0.47675184520487024,0.7243125517755096
-0.9166805217922478,-0.446464998568441,1.0,5.9224583199999286
0.01791702258955552,0.9787918676042318,0.15151251548763245,6.649275607559616
-0.45148480794055157,0.2585608919534206,-0.07971951893937401,-0.14964348449010867
-0.7954708420327163,-1.0,-0.5822063958601573,3.590871181062081
0.9365133444403901,1.0,1.0,22.7168125763121
-1.0,0.317232426352807,-0.8884018959771189,8.367293845254109
-1.0,0.4736246212254951,0.4534028872498115,-5.034003987244511
0.3939927032707138,0.02578253635456984,0.9836894360473132,-0.703545510297495
0.6297612731944662,-0.33797326950415973,0.7354120535325117,0.4796283129454012
-0.9879223044650158,1.0,-1.0,19.311109348828438
0.23548076904722248,0.35800662420965756,0.7320901519490555,1.1896931040550611
-0.5145777741716588,1.0,-0.12871818353769937,6.377712656239442
0.0694278858107098,0.5265631434523432,0.20691589953851608,0.8096166081110898
-0.5467532183478723,0.5121255537417144,-0.07805148968831754,-1.2091665203998572
-1.0,-0.784353423023227,-0.7867222347182132,2.923618679414284
-1.0,0.3762579537444968,-0.2783716399338543,-2.145734553022072
-0.5095872537084907,0.30514733070819355,-0.830343758819404,-0.8134213206010659
-0.5149485780084504,-0.7015944701173384,0.46057009060107146,1.0353791536307624
0.4251822620623502,-0.5739164135415804,-1.0,-7.091348979044379
-0.85336974849303,0.7313680405369951,0.5012657413137653,-2.3253160403679174
-1.0,-1.0,0.5150047434863665,12.61270543675383
0.47907346916154325,-0.2561574197901768,-1.0,-3.7177199402554844
0.8383758120387803,1.0,0.7537551773376387,11.291996087097905
-0.29530296457816374,-0.25103641161888035,-0.887591287926907,-0.8904283518254293
-0.35302731617528815,1.0,-0.7834064128191625,5.076011519408614
0.5087723640836213,-1.0,1.0,-6.911294936907941
-0.6373883788853252,-0.9704497864773658,0.08451222163462546,4.765976562910705
-0.8057274881309624,1.0,-0.588117752460042,4.554962872295247
-1.0,-0.08764281046564859,1.0,3.7933459227401354
-0.9923011507784298,-0.048271787383453724,-1.0,10.646163535039275
-1.0,-1.0,0.2655708389173981,9.90495550461283
1.0,0.6003872148832992,-0.532843138825273,5.182516607809228
0.01062499249355442,0.15215765285353688,-0.16153933429397127,0.5601716963828607
0.23703997728223247,1.0,0.36035493972033494,7.316354519885038
-0.43547457476494866,-0.41223549302181306,1.0,0.5656210988030039
-0.042013356611728,0.37845801231106435,1.0,2.6788928769511244
-1.0,0.3254192727729215,0.20129979989768465,-4.426859677721315
0.22201397173700688,0.2621253263870691,-0.34655843563848454,0.4258238619024066
-0.5687184178166542,-0.3680896930441073,-0.520853565361151,1.0423548501857511
1.0,0.523412928791714,0.6057832023707013,11.288628752786495
-1.0,-1.0,-0.7781545557669236,3.2286129624131608
1.0,-0.7421051986118474,-0.1173444408033324,1.3012689448964534
-0.02503658032679512,0.2873964256386423,1.0,1.6529393317885743
-0.1493339952817483,-0.9894236473965501,-0.9944029739822666,-15.355504132872111
-0.13296484696291722,-0.01459527244446579,0.25500794696262097,0.16356392991830612
0.4241776264483841,-0.32825481682757207,1.0,-2.742898746780431
-1.0,-0.09382167704047362,0.7036829956528101,-1.285509579231532
0.18268427982009272,1.0,1.0,11.229744508577143
0.7761228655866144,1.0,-0.8308097756743742,16.784822675288385
-0.37766839740376046,-1.0,-1.0,-13.983209780561877
0.5010552302348359,0.785929887737713,0.2738160650664583,2.776047910444126
1.0,0.3815957416769311,-0.11926396563172914,5.8312388516431435
1.0,-1.0,0.880388175896587,-7.0328696576988365
0.3166280793260088,0.000947316198713466,0.5621725250615897,0.564075805898393
0.5488689911960352,0.8105689177033715,-0.5688130955704247,2.841653796165471
0.6483924625837563,0.23373911700648908,-1.0,-1.5777654384708761
0.16713951164716434,0.03873523109097787,1.0,0.30112301691794396
0.8256668344757385,-0.6350442537204728,-0.5423078124832326,0.9217117196319469
0.9359459587645877,-0.7310877774709965,1.0,-0.7008276693427
0.16466540467577118,-0.4981944882190654,0.07964138002592835,1.0894984963440209
0.9587121439456789,-0.19494466642733066,-0.14404123081881104,3.5545670263707287
0.146859089848552,-0.1461140021209213,-0.9425247844991771,-2.046015376366713
-0.2802963527100366,-1.0,-0.8375338024443477,-7.152821339113995
-0.4909157017803305,1.0,0.3258412045886414,5.870088066713441
0.47776404317648047,-0.5870356403872006,0.18402647408550799,0.7361967190755305
-0.7483801286797414,-0.7914591568577474,0.36900307958797196,3.778913563101593
0.5780703059011227,0.2565862186009473,0.0017538431024177736,2.1388643576250823
-0.29183434609519376,0.1610930667075925,-0.36507666615643064,-0.3609543204830829
-0.26648433458233,1.0,-0.3505386998907629,8.547273074851883
1.0,0.9446363580020631,-1.0,31.47109803576539
1.0,1.0,0.765045406883577,18.16681408994361
0.06326181639902173,-0.5789155269013799,1.0,-2.1996747799232783
0.9982844075604071,-0.3831756971225122,0.05091824376117793,3.8554701705426337
-0.36292078913801573,0.05286082897884392,-0.0333199464535574,0.3204502701487143
1.0,1.0,0.2658897900462598,13.468917449479564
0.15205782344733687,0.09228390131202802,0.6032881865819859,0.2740918280920296
1.0,-1.0,-0.1708747978681484,-8.899119830640604
0.5703180037266855,1.0,-0.6480114756866815,11.9183169449893
1.0,0.47922125383512215,-0.007138113925289069,7.331499509508269
0.7636031777800962,-0.036736792224881576,0.48471829904519415,2.6841360472708904
-0.17269674360632492,-0.666925506188284,0.2581547924487346,0.61933956529107
-1.0,0.1336357523228351,-1.0,12.826463212546566
-0.00385651542551102,-1.0,-0.8057868538528452,-7.428344549155517
-0.24703146603935844,-0.5652997738826522,-0.13287538354496609,0.8526834331179263
0.29351739762548723,0.5044117650857423,0.17758611486320408,0.9745404773797428
0.15798738116563515,-0.38663825970687715,-1.0,-4.490195545548916
0.5372523687399327,0.18989874169808885,-1.0,-2.75681693475172
-0.5244417663584355,1.0,-1.0,0.6134685088144359
1.0,1.0,0.6803871377936037,15.789408869951071
-1.0,-0.15519310942512,-1.0,8.508625666793568
-0.46527742321710597,0.5943056436659773,-0.6210957915197173,-1.1325402393452373
-0.39300213963175823,0.5048739360439893,-0.11144093490465012,-0.6550820934740313
0.39100798089486366,-0.4533795367673896,-0.40377304423544813,0.8550284735345393
1.0,0.8669152939997535,0.8064957759012565,17.757701590396344
0.24056972400795096,0.36934379636303394,-0.8519498031146377,-0.5719592612486648
0.1965447263945661,-0.22845891987789035,-0.41778795306177896,1.3148731936152795
-0.42835247501510465,-0.177333177464839,-1.0,-1.5950526385498571
1.0,-0.9633854231678176,1.0,-7.089950334214074
1.0,0.3773030942349995,-0.26449225988049596,4.695965718112957
0.29610833801671266,0.4650136209350111,-0.6684538837659342,0.3327474144319165
-0.9499255055752247,-0.6424633742850105,-0.018458377070474485,1.785831590310854
1.0,0.39212603642409927,0.7386252770904176,12.304450138310589
0.2275114543198269,-1.0,1.0,-7.059507670501748
0.6638619679667199,0.09955373089479025,0.4648846217625946,1.9941645610653442
0.7254018489931808,0.7829083151723402,0.5029693701783475,4.395306319058307
0.06644424069667987,-0.6823900448684714,0.17754712921739535,1.916885317746202
1.0,0.3518741045923852,-1.0,11.982998168509752
0.4824548667001911,-0.28644007249120884,-0.8090775461552935,0.061936878327730094
1.0,-1.0,-1.0,-29.598369119623115
-0.6713212104571047,1.0,1.0,15.816925904444501
0.29853443504832566,0.10142453616368807,-0.9238037979944353,-0.4731425046994654
0.6563718304603483,-0.5301774790922202,1.0,-1.8982115278877654
-0.9016858110402288,0.13999805285529043,-1.0,9.019024795433609
1.0,0.2988208041289391,0.5433724697436684,7.808336752215869
0.04174271630946014,0.4694845337270084,-0.18725298308247873,0.8231616160239689
0.21382082766682897,0.27270522373077455,0.010047026254454972,0.7219223761239681
-0.5283563624484828,0.36070185771462215,1.0,2.3115339081694213
0.11609911621569102,-1.0,1.0,-7.033786522438617
0.8892895734297175,-0.02004182706355473,-0.8840414453768624,4.5309824939089465
1.0,0.6393019540168134,-0.1642871637618637,7.0488004406361355
0.11726185812556911,0.23718450193993457,-1.0,-3.707552981793234
-0.28207505458830284,0.4715144743140165,-0.7947784661181101,-1.3109046588140532
-0.6420448190281736,0.4879191932810514,-0.34352270569546417,-1.7467926185195524
-0.5697400124030547,-1.0,0.3774856591716822,4.062593139619942
-0.6565392393148337,0.056090074803587076,-1.0,2.0399549331351428
1.0,-0.5124180797848668,1.0,3.9414589945344995
-1.0,-1.0,0.3528471406829161,10.879330125946433
1.0,-1.0,1.0,-10.581007594560587
-0.9487029325987011,0.2584812729741388,-0.04993638353724261,-3.401875355845318
-1.0,1.0,0.27254297570954833,4.411901942120926
0.7154257489822791,-0.3984892368490065,0.40113908739850856,1.4581602707213641
-0.6624186227127831,0.4881072707931975,-0.34595734539976886,-2.5414443211828015
-0.10126858051101051,-1.0,-1.0,-17.267491521010154
-0.6362538367947126,-0.7323958948685385,-0.6120318268818665,1.5932989240780393
1.0,-0.41312313680114365,1.0,6.265988398244918
0.3768335980179207,-0.3330044119853841,-0.3599096681901075,1.5994427012171717
0.48186570889818214,0.5866993952914514,0.8020070145813134,2.619228570116085
0.18118170810286305,0.9892054529925707,1.0,11.049042681302744
0.4964445823774484,-0.9799101695864969,0.40232991585101363,0.07467918398350856
-0.05396158214939328,-0.8842870547134905,-0.14486802393019804,2.1306714065574526
1.0,0.3608385074633884,-0.39300705669308234,5.232665756625241
-0.5257922129297752,-1.0,-0.029847097892856445,4.462369849587159
-0.3995968475476357,-1.0,0.9629338284556381,-3.432547967084621
-0.5599356590268183,0.5905290836567276,-0.8425787939639466,-2.0014935709215087
0.14623391696024668,-0.15490364280854574,-0.930485656701034,-0.926299822021238
0.09242271078672948,-1.0,1.0,-7.667668778122692
-0.027335181061717506,-1.0,-0.08120103223728758,3.2188447783647893
-0.9339325505394709,-0.329932805579882,0.0627043066908557,-1.4612583348117676
-1.0,-1.0,0.023713457721176612,8.111726157414516
-0.46931546315964634,0.11817709452904723,0.13393936505686033,-0.5144813535270225
1.0,0.26575742578306616,-0.9141058793812926,9.716577858220763
0.9238004765648458,0.011565934432791636,0.8791876833047971,7.359393006112463
-0.42269542881839883,1.0,-0.4001849970583009,6.53726306380923
0.2730807913781159,0.6182196985859889,-0.675132644228789,0.907004478773723
-1.0,-1.0,-0.37608239031977786,5.439052357886463
-0.685526987142935,0.045793526661069395,1.0,1.821439953582109
-0.385834216662585,1.0,-1.0,1.348339944583095
0.18070721790490496,1.0,-0.42506026174835343,9.640951247657364
-1.0,0.062148857220873044,0.2634825769409255,-4.045250322663043
-0.8099528255798847,-0.3700633000260387,-0.39189964703079916,0.45619395547650377
-1.0,0.4659299798528067,0.8607638776455409,-0.5531315757151172
-0.4279271697468099,1.0,-0.6017313997919136,5.5802464776280765
1.0,-0.5164808126594851,-1.0,1.403280395617522
1.0,-1.0,-0.9777165503556224,-27.568526574759176
0.23664032453796802,-0.39078139649320565,-0.6493968196066731,0.4421592339162092
-0.07859705376729598,-0.6664165116593552,-1.0,-7.374996696804885
-1.0,-0.7252690715231627,1.0,14.167683586768334
0.494090507918751,-0.7920421166352787,0.08012373177179533,1.4791472423344727
-0.8115233673401323,-0.29891683867035845,-0.18549005446963962,-1.0634128484862277
0.3994759803216694,1.0,-0.7433666902996874,11.472823131575046
-0.7972761858631183,1.0,0.8270447297411769,6.272758391492417
1.0,-1.0,0.5847058928328908,-5.704802777271704
-0.38162695805209657,1.0,-1.0,0.7230783097176463
0.2843611302787623,0.82898849305027,-0.5154489154093214,3.50768529978944
1.0,-0.5853222081892198,0.05012518345912875,2.867686441589171
0.25984892373429913,0.806452350305966,-0.05889752856026709,1.984929854971415
0.3706244307209172,1.0,-1.0,5.86446308049383
0.13098146973007374,0.8255353505839576,0.9811438616638997,7.092479515814651
0.7442184564049963,0.15144937219169763,1.0,4.250239228948485
1.0,-0.3720959338829144,0.008417705438173106,4.142146963356488
0.7889034489786417,0.8881483035050479,0.31022921593950237,6.0702656299952
-0.6688426269212713,0.6019787351473642,0.8121028551255263,0.20227859137628523
-0.9732862532035056,-0.3238931593317209,-0.21545554834476088,-1.8676900544735808
-0.6596074997621624,-0.8517833533626618,0.8160258156743756,3.1392902662456788
-1.0,-1.0,-1.0,2.307090302467579
-0.27716212890005965,-0.48271431305532997,0.3175236906614427,0.8878566017983518
0.5743451167890314,0.42157984735420695,0.14398615349867216,1.4291033175051207
-1.0,0.18033737916830428,1.0,2.7007003194858825
0.379748793766129,-0.9921985304522574,0.9283290768765844,-5.092719227418146
-0.5987998571310489,-0.4235270190083191,-1.0,0.14816424335892486
0.7937622453428481,-0.48401363648083695,-1.0,-5.8050159078774595
-1.0,-0.35716309591020234,-0.6354144688252616,0.24961975912778023
0.03979805446247742,-0.38092910570920413,-1.0,-4.357119301770485
-1.0,-0.7237733154221897,0.7632784049933083,7.713973444645636
0.7266024140376859,-0.5574682882665936,0.8581728228279684,0.31036365041522923
1.0,1.0,-0.6827846571599883,24.8234081843156
1.0,1.0,-0.8249762409253909,30.342894927061423
-0.39802957040425424,-1.0,-0.3537335039075076,2.98400892900242
0.8785775889204797,-1.0,-1.0,-27.865139850659425
-1.0,0.8703804634653036,-0.5107665791080163,6.915763802559021
-1.0,0.4009334067164223,0.8473777305620225,-1.8495533581959747
0.7129256107907531,-1.0,-0.7348523963481473,-11.23404848456149
0.36175339395163486,-0.12158499475550077,-0.3751772748130653,1.191977522100715
0.7798641134875344,1.0,0.1395001409709069,8.20777302083421
0.5276560291008148,0.762682609479272,-0.444700915571969,1.207097571881988
0.014154824689226686,-1.0,1.0,-6.27341702664778
0.5073047474145287,-0.8153647855969157,0.19862234628976871,0.8879172021881977
-0.8872965077720627,-0.8591193080394297,-0.862801779475328,2.434170176381799
-1.0,0.45677300529266773,-0.9426919889298704,11.923819780674368
0.26526632730800137,-0.10740990441696141,0.14104565969293348,0.841461387302616
1.0,-1.0,0.5197059722288246,-7.018489748131343
-0.5680415820267024,0.21668296825576627,-0.21781028680346237,-0.5412500976288107
-0.3264073408489552,-1.0,-0.47873584804206204,0.923378833576311
1.0,0.5941753738268445,0.11628358592075538,7.870730082048791
0.5629413331408644,0.457609454616257,-0.25388837981585,1.4891501534961908
-1.0,-0.6588447731704834,0.15639239408630035,1.5208823816820598
0.20002004835180065,0.48650020580543507,-1.0,-3.4301031536801174
0.6987162030051988,-1.0,-1.0,-25.718252493118566
-0.004836028854225072,-0.8657941292009743,-0.7106480456056998,-1.4457296425513453
-0.04111772961149662,0.48703996041996334,-0.04415896853968926,1.0934035986461772
-1.0,-0.3577414736974638,0.3351827275771766,-2.6108778436986713
0.5599350323926489,0.1341570724343215,-0.9786360525501085,-1.1969813229437465
-0.43073838311279156,-1.0,-0.14871782821937196,3.187129039044951
-0.3156970584532883,0.6441213630624514,-0.2603528371789141,-0.90574569762025
0.25047004948214924,-0.015339240444832702,0.0025970737831102486,1.1044284681276724
-0.8076169224886149,-1.0,0.4619002484550694,6.823831332047744
0.1442031075985124,-0.45873636210238566,0.8657143915931054,-0.055949952549983806
0.23913987377853463,-0.47266674923563445,-0.16020648454151187,1.3529256809021093
-0.3062231907975346,1.0,-0.6480943133419281,7.635605780436876
0.025018084469778046,0.5150300921550848,0.8217193860326919,1.2530240359438911
0.5088636894238332,-1.0,-1.0,-23.44378282389816
0.5278587388050677,0.2696662583486331,0.016614244974435532,1.4685907662692947
-0.6310419789429524,-0.5193723543650064,-0.02086221182368586,1.8038543754861966
-1.0,0.33301659100112735,-0.006102319119791089,-3.915690568540067
1.0,-1.0,-0.50888644747428,-10.40735261013669
-0.8798529558083943,1.0,-0.6837056570997346,5.944285857977848
0.6208705825385255,0.2732772708260336,0.6229191022501581,2.291716646344428
0.9355330057381348,-0.35835765596313873,-0.41663562491154593,3.4851201656254625
-0.3131763253907973,-0.6554551778427888,0.2868582950033536,0.6944576518647474
-1.0,0.5276817862479166,-0.3135993074748902,-0.38880857559766696
-0.32364879192909046,0.48640859297241024,-0.2942746523436457,-0.37490890057597887
-1.0,-0.39652408569424646,-1.0,5.944506045028121
0.013809637662664187,0.42989478203655107,0.07433209079833492,0.8493867982083823
-1.0,-0.5991364811489974,-0.12179185018231897,-0.017554591078789428
0.4517963318554157,0.12447276816058217,-0.698779981558965,1.354213817090724
-0.08485036959130454,0.3701755372871691,0.694190251789562,0.7613063437741602
0.709425019359774,-0.13706675995069117,-0.7269560799892696,1.0531727226759593
-0.4899063724566295,0.1760888060414576,-1.0,-2.023342867271851
-0.4476916762683103,0.5342027813007988,-0.3302082724502464,-1.5930675790300466
0.053751977360141145,0.520646086285727,0.4827238342742788,0.47762265512457275
-0.224284501188887,-0.29844334733086963,0.1538852979583858,-0.22663729798801202
-0.21433449115679282,-1.0,-0.26021988162306053,2.503605231023344
1.0,1.0,0.032611149114735394,14.529757562123589
1.0,0.009847870748784349,0.33339494548119974,5.483655353514387
-0.11656752392715997,0.8661390966456115,-1.0,-2.716930326754227
1.0,-0.8510820029437582,1.0,-2.4601746019248103
1.0,0.33432854036186455,1.0,19.56436009034132
-1.0,-1.0,-1.0,3.963801716693057
0.4223831626863217,0.4487887431358446,0.1410937795553413,1.6523766579828676
-0.8400461112950295,-0.28390739833772827,1.0,3.4388250991490907
-1.0,-0.793265178022708,0.32286812290146494,4.18310482135677
0.5474762252613063,-1.0,-1.0,-22.465603825042127
-0.9879651074935358,0.2309637192724312,-1.0,13.162472363826469
0.3908861367506682,-0.5788393909793534,-0.9107502425551968,-3.6512158277891005
0.7025343770297425,1.0,0.48645553245712314,7.34561032724407
-0.22085393694179833,0.6604613082157165,0.46439939300868693,1.2527024304527168
-0.6763384678518347,-1.0,1.0,1.5492785931755655
-0.1465049623070065,-0.5218345210362589,0.06698176487022756,1.3576378136242848
0.03295382626399057,-0.5840726549402295,-0.08424385678816382,1.180392701094662
1.0,1.0,-1.0,38.91184655243729
1.0,-0.03771136082890236,0.07530213161703969,4.77366744267268
-0.8890509384320475,-0.5669528595351139,-0.0483574048189348,0.33838834797731054
0.019953157418558742,-0.019672505324948242,1.0,-0.039309006948814354
-1.0,1.0,0.22069811243411586,4.177288309758772
-0.7807068849819776,-0.7041112594726646,0.9065093003079623,5.188364720858342
0.13928559734191026,-0.10101819135920942,0.7556621975268127,-0.12588197961950107
0.9121094776696737,-1.0,-0.36114463976247824,-7.240851556053693
-0.3876247599590845,1.0,-1.0,0.8192316981115453
0.09150859519613164,-0.7021694223081989,-1.0,-9.022103777021169
-0.19357907394066776,-0.2776279926310028,0.5074517822124025,0.12366720695761005
-0.3383547688220778,0.985501449480428,-0.02022664228936155,6.014754083821172
-1.0,-0.20295601579182043,-0.9786788975232954,7.156577557488741
0.1973466492035829,-0.33283129634969444,0.5632503523104038,0.6916487373281692
1.0,1.0,-1.0,38.29664210463201
-1.0,1.0,-0.6665905587294008,12.204749095049392
1.0,-1.0,0.5324716348628038,-6.702522747375676
-1.0,-0.46110905332603447,0.05253938730225438,-2.0584181560348833
-0.36843898976813705,1.0,-0.9974454336696341,0.9441324221964753
0.6239477162663896,-1.0,-1.0,-23.634058747866003
-1.0,-0.4048254990942892,-0.22486524539245556,-2.2740449205562925
-0.3980326605425544,-0.6489752366753117,-0.2860074729469493,1.8336641193628032
0.2693489030175167,-0.8551639232601242,-0.6311086417999301,-0.4151972488359178
0.3665720801865293,0.24584968502523763,0.08078386744076083,2.07806306015323
-0.25345008188992724,0.8683820862577591,-0.04315055596315198,3.1791932320670844
-0.40452564153818216,0.8273808472678137,0.6811060992716589,3.2651684135786994
0.6973578429763463,-0.3958759316123168,-0.8113717920386501,0.4448855841391751
-0.15361413194729212,0.6541146496866339,1.0,6.023288184855475
0.530455112044625,-0.9977319754631444,0.27989449789001997,-0.5903628536310437
1.0,-0.036952488098678904,0.34044631303747885,6.283413753675952
0.40934201130457826,-0.03504149894065245,1.0,-1.5107022731732538
-0.03212251342749939,-0.25503634138138875,-0.06340188081882747,1.318711594646918
-0.2738030138406258,-0.05760694305387015,-0.8625868148383917,-0.37210645372435264
0.47526485620819336,1.0,1.0,10.13834718999827
-0.17473828312184692,0.5599487917096206,-0.17066840600669742,-0.04376599817820584
-1.0,-1.0,-1.0,2.5945270581123996
0.2484716312709292,-0.7391990521091323,-0.0810807497370003,1.4980869300350248
-0.42447179498262133,-1.0,-0.4460599320675027,0.6938279870068863
1.0,-0.6239365286386052,-0.6225369627805211,3.535384178568569
0.9502907182133935,-0.010777118369549088,0.030175705372512684,3.9092158090388653
0.1617867456965616,0.5473075320712897,0.3489094311603391,0.03974529306986119
-0.7373932274919826,0.635727944661231,-0.08596951406672515,-2.7630117858302117
-1.0,-0.1718981210721524,1.0,4.98827058418093
-1.0,-0.40997489241768825,-1.0,6.148813632439481
0.30521521637890214,-0.8071331614764641,0.6043107592500827,0.9030606922046371
0.20534369209152548,-0.3467409918477653,1.0,-1.8424383310260044
0.14845718779925865,0.15999628222040752,0.672753436822763,1.0270263013230765
-0.6262384160803516,1.0,-0.07788761225821306,6.071082869641019
-0.027526109148351185,-1.0,-0.09244304427782724,2.387217973085911
0.8595415407603801,0.5069979450898854,-0.003341625723198627,3.525643882381759
-0.7582527656049676,-0.06714578547465777,0.2522058475649549,-1.9777746107781256
1.0,0.7761172665129124,0.9633603150794374,24.173370094998212
-1.0,-0.07212096104419063,0.4992284983170503,-3.552625017972152
-0.2593842723016857,-0.14448799859037376,-0.8765883647535007,-0.7522162005335061
-0.6488264449139514,-0.9682536430787392,-1.0,-7.229555002846751
0.09584767929217008,-0.40332870096210316,0.5294711673990262,0.2785031218226588
1.0,0.42453606787053944,1.0,21.740251377798373
0.9816327785135219,-0.7945600882811521,-0.630812336133344,0.8384403356787534
-1.0,-0.5617461347829609,-1.0,5.437940095221853
0.1394268736999129,0.0814811046202939,0.9549917094378031,-0.6060889462018375
0.5451852954108907,-1.0,0.3705109761006369,-0.41175209635962556
0.8629217617497777,-1.0,0.5074035691384478,-3.787809200014442
1.0,-0.06050445595931864,-1.0,7.671913598606824
-0.878295131750896,-0.06420772605801783,0.5101595154369161,-1.474043805662539
0.35959073769863137,-0.7965370004981327,1.0,-3.286460574471997
0.3347760267708719,0.9544196373103957,-0.9620012625471552,4.468302306877991
-0.4779847859709194,1.0,-0.13220105336989119,5.207973555991741
-1.0,0.6671127639487473,0.27479567564099927,-3.454408341670437
0.756476420563873,-0.11032215436592963,0.3372499968108118,1.8810718054172635
0.0037495965018397026,-1.0,0.25742686075339716,2.5215594876482146
-0.15693597485621602,-1.0,-1.0,-15.84053370441388
0.14536720131586978,0.8134472038274101,0.5442900945246711,2.930335878967309
0.34867276326667085,-0.5462040127108452,-0.6221470311614641,0.49344243533052284
0.8510618596531832,1.0,0.27296140833642335,8.938585281425246
0.08060521913465202,0.7111423946634734,0.5136100365443865,1.5656095783329227
1.0,0.29065709044018617,0.11889656737635712,6.175097334550076
-1.0,-0.08617772784145838,0.2695980254586612,-4.121868328062834
0.06254820139361739,-0.5627762717279583,-1.0,-6.625038467551562
0.03907411213788636,0.7628381863867302,-0.9822985421745414,-2.785077563288759
-0.3156699416226407,1.0,0.13626361708826118,6.62239962216591
-0.6386639701675811,0.6578462803644987,0.7669652027575988,0.21610429772513218
1.0,0.460582529275924,0.05141313029941341,6.216772075290311
-0.1987845466291771,0.7841970210811493,0.40953028461848984,0.8635919054979476
-0.8358498742955267,0.12843723617876068,1.0,3.003114460437168
1.0,-0.028868936119345046,-0.028960290358521767,4.406007383738909
-0.5924954005549401,-0.6090039311651123,0.1840238151553757,1.4541931627931253
-1.0,-1.0,0.08071519078232603,7.929414520352654
-0.13361089402371396,1.0,0.9563466078582381,12.436448351282658
0.5701274269149879,0.8988920819338673,-1.0,1.9626584809785772
0.7445345344434415,-0.7091916696177432,-0.5505064988003225,0.0030729351857508025
-1.0,0.15316393175163823,-0.32253761111850654,-2.4115835662861573
-0.06373547850017047,0.49706707891190627,0.5622965826961708,0.6263907143186794
-0.4767721074548035,-0.6101351158379194,-0.5406597112108193,0.9222473749338792
-0.21970026274785348,0.806861089327813,0.21337308370873576,1.5891759480496437
0.1987353878310365,0.9602957880256566,0.19198314998668287,6.0230579960191255
0.6595558288067016,-0.02163095973395257,0.36704592283636805,1.954088876680957
-0.7004444938099126,1.0,1.0,15.520599295905955
1.0,-1.0,-0.3195675818120862,-8.946796508306349
-0.5202547695857251,0.5509705360041357,-0.3661006013058019,-1.7751413964697988
-0.13298780070606964,-1.0,-0.0819961839038732,3.1837415536307456
-1.0,-1.0,-1.0,2.3796041157618344
-0.1588971823977685,-1.0,-1.0,-15.967568557840798
-1.0,-0.20030653315505398,-0.7433053686970934,0.0019496929847103717
0.8990101426945774,0.028562489417371273,-0.6321811535576518,3.399727792004807
-1.0,0.10366913960874813,0.5679475044727722,-4.236569791235871
-0.4365260773093482,0.3491687604798859,-0.025843567047130422,-0.6054580822180293
-0.5687967893062302,-0.02353989744346796,-1.0,-0.5624456976824098
0.13559319944174808,-1.0,-0.23200870432966947,1.4129723575276607
0.5348684803711816,0.4860859130928068,1.0,4.29952219670276
-1.0,0.3552150328773107,0.15695454275090404,-4.341257027311665
0.47711608351365786,0.6082166051666751,-0.4830480748337278,0.6835320753745282
-0.035886925463055386,-1.0,1.0,-7.109168726804293
0.8070373906181016,1.0,1.0,14.649000889505247
-0.558344784704375,-0.623500739066494,0.711326410182983,0.40038224623520646
-0.8555253498294537,-0.1394044794754783,0.8764539326023935,0.7883276316466352
0.5768343844422301,-1.0,0.7116032607233471,-1.4696842166921684
0.5763703403798046,-0.07592010997028198,-1.0,-3.88961742441732
-0.2821970368437121,-0.18922293399834023,-1.0,-3.2975629677089207
0.7133823201232943,-0.9224077993584632,1.0,-5.590449076364949
-0.7925473774268759,0.39979666107383105,0.3181366861898838,-3.0120551349175964
0.15958057267168302,0.45664874185120263,-0.21686962388422915,0.8185344384017568
-0.9916302527855654,0.17904133620685792,-1.0,12.757729841479192
-0.8959793743168247,0.8959137591426629,-0.039444947364619454,0.8178223001348925
-1.0,1.0,0.18727564085066417,5.555165870513389
0.6338568949325913,0.6306680727923315,1.0,7.322003345556866
0.18573017718479834,0.8296275778066564,-0.49463595097288393,3.420819067490587
0.14927536717138,-0.7164742702584388,0.07153214520599938,1.9626549058364218
0.2144889980920972,-0.14920336183777017,-1.0,-4.312126382622812
0.25854838320256435,0.978294413269043,-1.0,4.187696950827428
-0.7288390935344238,0.4966143198436699,-0.2495512974888816,-2.6064962841701393
1.0,-1.0,0.6353012634754653,-5.004112600759206
-0.09571215649807518,0.5318862111729468,-0.8227651098776687,-1.2741244057567427
-0.9472424236228683,0.10013023165274926,-0.4787496537205116,-1.5496964539211262
-0.08667607623680174,-1.0,0.269359914211454,1.9577205191282494
1.0,-0.8848236809888816,0.6905290444565986,-0.3511245581274101
1.0,0.5954214587541367,0.8797517319463712,18.293000385682106
1.0,0.5205515240105478,-0.8402451767177963,8.91812240072139
0.005499923442139343,-0.21136965597068635,-0.8377132497455759,-0.911997546701983
1.0,0.6934167333500822,0.6527998048857708,12.107767155325947
1.0,0.21782538182830158,-0.18484169884172075,4.4189317330181455
-0.46155572095983666,-0.9459221144454331,0.5675622604767934,1.5438653208232145
-0.8536426587846506,1.0,-1.0,6.880844758041242
1.0,-0.07097491368055775,-0.3404121949891157,4.048247913799064
-0.8211657319353678,-0.9968717760582144,0.5607667840267834,7.497886171220947
0.6560066773990445,-0.2230057160072405,-0.9225121487180514,-0.976990808275159
-0.9156945035711406,-0.5036934051254731,-0.49620949282214366,-0.048087036154540685
-1.0,-0.4194464222514602,1.0,7.85185784659276
-1.0,0.5032854173200134,0.11042134051640118,-4.292401449331459
-0.11363676659944821,-0.8619750361320964,0.5196263617652179,1.8515076249406832
-0.8073703167528601,-0.8869627558725157,0.7099846001999297,6.303979018610653
-0.17810722854561756,-0.3142293042626634,0.989510850839425,-1.0833879458624005
0.9520439963865632,-0.5226074338607969,-0.21576719202718309,2.659973331622324
0.561460841381703,-0.2335269499070476,0.7416467491713004,-0.03289975461971384
0.9549079583252724,1.0,-0.6459734139125606,21.105430068865022
0.9373822495591941,0.3534434960681807,-0.6548031274263508,4.271821249973684
-0.44252710515701943,-0.12832600961171248,0.49489392876276006,0.3540447107509326
0.20313079548392676,-0.5196911808207387,0.6049651056037091,0.38332241261434463
0.007797307952250643,0.3280588726912921,1.0,2.26747408017149
0.9418053834498272,-1.0,-0.10762902751054426,-6.762894489248583
0.29516060997498617,0.441481864089847,-1.0,-3.41555286626909
-0.3922913175151639,0.9671284622173859,-0.22401582244739937,4.7909082083964245
-0.0489069445074104,0.7044583932855302,-0.9151407814502717,-2.0565153709957396
0.24515598601245592,0.20364041529343435,0.29278353239512267,0.46994005838735137
1.0,-0.0013703559638882368,-0.2454980894211829,4.713324886327136
0.13685219092642043,-0.7765648807931764,-0.4718789260466463,2.317121369959657
1.0,1.0,-0.19479897721356965,15.874865103098447
-1.0,-0.49219660431090495,-0.3141888662783594,-1.5374315056803047
-1.0,0.47706467813792,0.6551971325145107,-4.7343921110387495
-0.17446552954484806,-0.22929294027271774,-0.09079507486058036,0.32628761750610485
-0.31915804482180565,-0.1700323093637388,-1.0,-1.4623942480898933
0.4355903736420901,-0.09360518453805056,-0.286031419884484,1.1603486362876243
0.48648535859171593,-0.32106485285704345,-0.8141603328981188,0.13327414112997435
1.0,0.7808308045240278,-1.0,18.47201820620314
-0.5253732178420292,-0.9473411413263353,0.8417868233576169,0.4087402534838154
0.8435617628841681,-0.8591754783325791,-1.0,-14.280936597371749
0.37293952846104306,0.441414536670816,1.0,2.7705952250351262
0.3094786762233359,-0.7152723046602691,0.7290495024609895,-0.5863634448049251
-0.5816980750672984,-0.7088274825637348,1.0,2.099510805568913
0.3443087941293417,-0.5439828241898983,-1.0,-6.1881846997631
0.8404437496699655,0.06340384203064886,-0.8920996028043282,2.800681446993609
1.0,0.268762316159056,0.5184199416475992,8.246180777957553
0.6032581750080037,-1.0,-0.044395160446037085,-1.5436510090785087
-0.2999855325382501,-1.0,-0.10022349597987668,3.6112599377498396
-0.2606199167017238,1.0,-1.0,1.7601652710506488
1.0,-1.0,0.719063942833253,-5.463363269148079
0.5467204271020671,1.0,-1.0,6.878771634679674
-0.9189729130329833,-0.15224683828726437,-0.4870929427570434,-0.641822172522892
-0.3020199084955697,-0.032499462827836556,0.3579126606546854,-0.3152997438702079
-0.6660185653073893,0.345978138473914,0.2650797657507693,-1.7386169895107304
-1.0,-0.10414327356330477,0.5109080300920368,-3.4295710526909957
-0.06591728698087795,-0.14055131066661009,0.7562756827174111,-0.3465395749171718
0.6594799270310405,-0.20560334576654626,0.49693051991164605,2.3590264972733332
1.0,-0.1416277048043666,-0.7994660674859182,7.576244677643606
-0.04296474571379405,-0.2829832725642869,-0.30341451600863323,1.280871741256127
0.18623985670397825,-0.14255177744823522,0.18868196904273482,1.161612912536917
0.08776487368498831,-0.8406289566118428,-1.0,-11.304035748829122
-1.0,0.8857979905038307,1.0,13.630102697808946
-0.606555704298152,-0.6608800090121876,-1.0,-2.8160783533337077
-0.4296479716798971,0.16099049392662623,0.37354031909376717,-1.3864028751653268
-0.15878065676437325,0.05775737448361995,-0.3259513553198832,-0.3382883039653744
0.6505609207702678,-1.0,0.23833953475426073,-1.0009454413218761
-1.0,-0.657203717885309,1.0,12.542856421478676
1.0,-0.8422684325982104,-0.4512735517218116,-0.30908076689989616
-0.18541339703271742,0.5597011639481366,0.7262217911849214,1.2016638087985272
-0.3906371965534079,0.29833691975570087,0.03179944634117349,-0.4431166961771994
0.5329146181370703,-0.29996996524396646,-0.6395859691655779,0.4729707459446362
0.10005938224388844,0.3996112181333311,0.0471588300677519,0.7198291798377493
0.4454871208856235,1.0,-0.035883049184332716,8.49108237631846
0.12873597028561434,0.7520198103664504,-1.0,-3.4019879864938436
0.16815860869255528,1.0,-0.03551172275126668,7.906052526852157
-0.4940226350116683,-1.0,1.0,-2.941028009780599
0.9724400004087581,-0.4134503191104857,-0.059535566209651725,3.300915086858754
-0.4978029373418449,0.3324370905022671,0.49828452209621976,-1.23322925689644
-1.0,0.8751240507511651,-0.5564455187525426,8.124608021140853
-0.4885811640118818,-1.0,0.09719768612969149,4.1555361719652195
0.9317342187126323,-0.30650060938808044,-0.0017930168234228105,3.2266584947671118
1.0,-0.4002872829749089,0.5733065857991131,5.720509815762764
-0.8771557186010803,0.31316741377970003,-0.41638462965642953,-1.3925613901520315
-1.0,-0.6156110372219303,-1.0,5.474631090915591
-0.08337340818212757,1.0,0.47262916631396856,8.026045968406052
0.1924393427059976,-1.0,-0.13498101558675835,2.4308756152905175
0.3606675561554833,-1.0,1.0,-7.492349364683422
-0.4717106925028183,-0.9269269570172096,-0.4249123847509779,1.9032234850752792
0.974941860269932,-0.842193853501817,-0.4585449587949173,-0.3706109959586975
-0.08500806289119933,-1.0,-0.3793134961104363,1.2274767695574555
-0.13147777834650531,0.7165317571925243,0.08814591656065618,0.4073311995843694
-0.670466370668817,-1.0,1.0,1.1259813715494793
-0.4846329050629359,1.0,-0.5630906468642158,6.851600033910901
-0.542313954660044,-0.09090180585432606,0.7776932535184837,-0.16577935971899233
-1.0,-0.2171959237407819,-0.539270451530689,-2.3615425620135877
-0.45001297460965595,1.0,0.04928788825707686,5.996132888468197
0.3900848006495654,0.18995881238362244,0.3180657150196009,0.769513135658793
1.0,1.0,-1.0,39.21043867867394
-0.2208424976176797,1.0,-1.0,2.107633173430761
-0.6489830143031745,-0.8463702904844577,-0.06227465677776123,3.7401428742538694
0.3211535846083977,-0.9471209115604113,-0.2622840820151018,1.598643422403031
-0.46808033217720246,-0.49334357995709954,0.24354778867040494,0.4291586489994019
0.6914093348405324,-1.0,0.8593981084232623,-3.805535691616562
-0.501314880853591,0.695209423997249,-0.22769826571263874,-0.7308026280810158
-1.0,0.17997546054823932,0.2679341957664716,-5.3831039853258025
-0.6793331486720304,0.803524169500879,-0.5545321876733527,-0.9899039706164845
0.20843146790091516,0.27040660537811356,0.26617522790888026,0.7442718295129195
